age,sex,on_thyroxine,TSH,T3_measured,T3,TT4,binaryClass
41,1,0,1.3,1,2.5,125,0
23,1,0,4.1,1,2,102,0
46,0,0,0.98,0,2.013499833,109,0
70,1,1,0.16,1,1.9,175,0
70,1,0,0.72,1,1.2,61,0
18,1,1,0.03,0,2.013499833,183,0
59,1,0,5.086766089,0,2.013499833,72,0
80,1,0,2.2,1,0.6,80,0
66,1,0,0.6,1,2.2,123,0
68,0,0,2.4,1,1.6,83,0
84,1,0,1.1,1,2.2,115,0
67,1,1,0.03,0,2.013499833,152,0
71,1,0,0.03,1,3.8,171,0
59,1,0,2.8,1,1.7,97,0
